ds,yhat
01/01/2013,1977.986468
02/01/2013,1959.813437
03/01/2013,1845.881999
04/01/2013,1906.35293
05/01/2013,2157.776801
06/01/2013,2013.927656
07/01/2013,1755.680352
08/01/2013,1680.174139
09/01/2013,1664.842598
10/01/2013,1558.177969
11/01/2013,1630.074372
12/01/2013,1896.735959
13/01/2013,1771.519764
14/01/2013,1534.823745
15/01/2013,1483.262306
16/01/2013,1493.709114
17/01/2013,1414.074902
18/01/2013,1513.664436
19/01/2013,1808.098323
20/01/2013,1710.169106
21/01/2013,1499.741794
22/01/2013,1472.940857
23/01/2013,1506.203183
24/01/2013,1447.064506
25/01/2013,1564.523265
26/01/2013,1873.967441
27/01/2013,1788.033734
28/01/2013,1586.509192
29/01/2013,1565.517325
30/01/2013,1601.568283
31/01/2013,1542.340716
01/02/2013,1657.039432
02/02/2013,1961.314607
03/02/2013,1868.112142
04/02/2013,1657.565525
05/02/2013,1626.171537
06/02/2013,1650.829647
07/02/2013,1579.613018
08/02/2013,1682.115537
09/02/2013,1974.360893
10/02/2013,1869.643552
11/02/2013,1648.412237
12/02/2013,1607.438424
13/02/2013,1623.84989
14/02/2013,1545.897339
15/02/2013,1643.298605
16/02/2013,1932.146487
17/02/2013,1825.750054
18/02/2013,1604.519979
19/02/2013,1565.140313
20/02/2013,1584.606605
21/02/2013,1510.998223
22/02/2013,1613.829191
23/02/2013,1908.96337
24/02/2013,1809.463603
25/02/2013,1595.485133
26/02/2013,1563.455472
27/02/2013,1590.120388
28/02/2013,1523.323651
01/03/2013,1632.364632
02/03/2013,1932.838733
03/03/2013,1837.733544
04/03/2013,1627.084046
05/03/2013,1597.235816
06/03/2013,1624.892436
07/03/2013,1557.895404
08/03/2013,1665.580684
09/03/2013,1963.697613
10/03/2013,1865.259712
11/03/2013,1650.437739
12/03/2013,1615.7372
13/03/2013,1638.040131
14/03/2013,1565.378939
15/03/2013,1667.286653
16/03/2013,1959.709476
17/03/2013,1855.8514
18/03/2013,1636.061391
19/03/2013,1597.00554
20/03/2013,1615.704145
21/03/2013,1540.301654
22/03/2013,1640.41389
23/03/2013,1932.038565
24/03/2013,1828.398856
25/03/2013,1609.830577
26/03/2013,1572.955328
27/03/2013,1594.719518
28/03/2013,1523.16713
29/03/2013,1627.790539
30/03/2013,1924.445266
31/03/2013,1826.198294
01/04/2013,1613.220336
02/04/2013,1581.964253
03/04/2013,1609.209368
04/04/2013,1542.839378
05/04/2013,1652.198007
06/04/2013,1953.008149
07/04/2013,1858.223999
08/04/2013,1647.926436
09/04/2013,1618.503804
10/04/2013,1646.697735
11/04/2013,1580.381718
12/04/2013,1688.916533
13/04/2013,1988.068321
14/04/2013,1890.858851
15/04/2013,1677.458295
16/04/2013,1644.362769
17/04/2013,1668.436399
18/04/2013,1597.685722
19/04/2013,1701.61071
20/04/2013,1996.118301
21/04/2013,1894.368156
22/04/2013,1676.661114
23/04/2013,1639.612701
24/04/2013,1660.191607
25/04/2013,1586.491037
26/04/2013,1688.077306
27/04/2013,1980.901648
28/04/2013,1878.144994
29/04/2013,1660.044129
30/04/2013,1623.251967
01/05/2013,1644.691082
02/05/2013,1572.389092
03/05/2013,1675.829817
04/05/2013,1970.868177
05/05/2013,1870.578468
06/05/2013,1655.146382
07/05/2013,1621.047019
08/05/2013,1645.088639
09/05/2013,1575.189859
10/05/2013,1680.734497
11/05/2013,1977.489802
12/05/2013,1878.457614
13/05/2013,1663.768741
14/05/2013,1629.86271
15/05/2013,1653.532592
16/05/2013,1582.702591
17/05/2013,1686.78256
18/05/2013,1981.585234
19/05/2013,1880.175738
20/05/2013,1662.763716
21/05/2013,1625.880328
22/05/2013,1646.419896
23/05/2013,1572.414001
24/05/2013,1673.382317
25/05/2013,1965.246073
26/05/2013,1861.173854
27/05/2013,1641.470191
28/05/2013,1602.7493
29/05/2013,1621.973878
30/05/2013,1547.226834
31/05/2013,1648.060314
01/06/2013,1940.408005
02/06/2013,1837.430409
03/06/2013,1619.403614
04/06/2013,1582.893882
05/06/2013,1604.797935
06/06/2013,1533.116784
07/06/2013,1637.307389
08/06/2013,1933.198029
09/06/2013,1833.837008
10/06/2013,1619.385085
11/06/2013,1586.293835
12/06/2013,1611.349714
13/06/2013,1542.451527
14/06/2013,1648.965484
15/06/2013,1946.643609
16/06/2013,1848.475027
17/06/2013,1634.580418
18/06/2013,1601.391812
19/06/2013,1625.697403
20/06/2013,1555.419092
21/06/2013,1659.966927
22/06/2013,1955.156202
23/06/2013,1854.056817
24/06/2013,1636.885209
25/06/2013,1600.142005
26/06/2013,1620.770811
27/06/2013,1546.81464
28/06/2013,1647.80559
29/06/2013,1939.677997
30/06/2013,1835.613911
01/07/2013,1615.931361
02/07/2013,1577.257767
03/07/2013,1596.568411
04/07/2013,1521.957854
05/07/2013,1622.988671
06/07/2013,1915.603482
07/07/2013,1812.969994
08/07/2013,1595.369571
09/07/2013,1559.371667
10/07/2013,1581.874016
11/07/2013,1510.876406
12/07/2013,1615.832357
13/07/2013,1912.564558
14/07/2013,1814.113717
15/07/2013,1600.631177
16/07/2013,1568.55754
17/07/2013,1594.66704
18/07/2013,1526.845365
19/07/2013,1634.445119
20/07/2013,1933.204655
21/07/2013,1836.09981
22/07/2013,1623.238822
23/07/2013,1591.042569
24/07/2013,1616.28982
25/07/2013,1546.895171
26/07/2013,1652.263837
27/07/2013,1948.209042
28/07/2013,1847.801592
29/07/2013,1631.261943
30/07/2013,1595.137024
31/07/2013,1616.341574
01/08/2013,1542.931807
02/08/2013,1644.455692
03/08/2013,1936.865746
04/08/2013,1833.364052
05/08/2013,1614.289971
06/08/2013,1576.292941
07/08/2013,1596.37026
08/08/2013,1522.63778
09/08/2013,1624.677892
10/08/2013,1918.450799
11/08/2013,1817.138826
12/08/2013,1601.034291
13/08/2013,1566.713314
14/08/2013,1591.075453
15/08/2013,1522.117042
16/08/2013,1629.282552
17/08/2013,1928.37985
18/08/2013,1832.429022
19/08/2013,1621.555119
20/08/2013,1592.167083
21/08/2013,1620.985329
22/08/2013,1555.871907
23/08/2013,1666.135002
24/08/2013,1967.465904
25/08/2013,1872.791746
26/08/2013,1662.171518
27/08/2013,1631.977466
28/08/2013,1658.941531
29/08/2013,1590.934489
30/08/2013,1697.3219
31/08/2013,1993.882608
01/09/2013,1893.65931
02/09/2013,1676.851516
03/09/2013,1639.993092
04/09/2013,1659.994145
05/09/2013,1584.915038
06/09/2013,1684.316805
07/09/2013,1974.173848
08/09/2013,1867.718638
09/09/2013,1645.328883
10/09/2013,1603.699568
11/09/2013,1619.879769
12/09/2013,1542.042207
13/09/2013,1639.829942
14/09/2013,1929.266226
15/09/2013,1823.597318
16/09/2013,1603.178813
17/09/2013,1564.647907
18/09/2013,1584.96153
19/09/2013,1512.16827
20/09/2013,1615.75844
21/09/2013,1911.578215
22/09/2013,1812.677522
23/09/2013,1599.2021
24/09/2013,1567.571974
25/09/2013,1594.526115
26/09/2013,1527.900987
27/09/2013,1636.987162
28/09/2013,1937.449712
29/09/2013,1842.181885
30/09/2013,1631.202271
01/10/2013,1600.837584
02/10/2013,1627.770637
03/10/2013,1559.821149
04/10/2013,1666.303433
05/10/2013,1962.946673
06/10/2013,1862.747226
07/10/2013,1645.863248
08/10/2013,1608.793746
09/10/2013,1628.421817
10/10/2013,1552.789751
11/10/2013,1651.450288
12/10/2013,1940.379837
13/10/2013,1832.823379
14/10/2013,1609.181484
15/10/2013,1566.181854
16/10/2013,1580.915299
17/10/2013,1501.603957
18/10/2013,1597.947014
19/10/2013,1886.028332
20/10/2013,1779.15748
21/10/2013,1557.753953
22/10/2013,1518.517229
23/10/2013,1538.462659
24/10/2013,1465.691188
25/10/2013,1569.737327
26/10/2013,1866.481378
27/10/2013,1768.995665
28/10/2013,1557.435242
29/10/2013,1528.215399
30/10/2013,1558.055757
31/10/2013,1494.758729
01/11/2013,1607.566512
02/11/2013,1912.082367
03/11/2013,1821.125665
04/11/2013,1614.630913
05/11/2013,1588.832827
06/11/2013,1620.317008
07/11/2013,1556.803789
08/11/2013,1667.509228
09/11/2013,1968.068867
10/11/2013,1871.393631
11/11/2013,1657.568005
12/11/2013,1623.032562
13/11/2013,1644.63043
14/11/2013,1570.385316
15/11/2013,1669.85524
16/11/2013,1959.047736
17/11/2013,1851.266093
18/11/2013,1626.997074
19/11/2013,1583.082386
20/11/2013,1596.753825
21/11/2013,1516.400027
22/11/2013,1611.909246
23/11/2013,1899.57425
24/11/2013,1792.929217
25/11/2013,1572.629292
26/11/2013,1535.615371
27/11/2013,1559.144225
28/11/2013,1491.552053
29/11/2013,1602.59603
30/11/2013,1908.359993
01/12/2013,1822.094173
02/12/2013,1624.099586
03/12/2013,1610.899592
04/12/2013,1659.278545
05/12/2013,1617.055473
06/12/2013,1753.437097
07/12/2013,2083.936069
08/12/2013,2021.224023
09/12/2013,1845.02974
10/12/2013,1851.324565
11/12/2013,1916.374682
12/12/2013,1887.527806
13/12/2013,2033.572999
14/12/2013,2369.685619
15/12/2013,2308.273801
16/12/2013,2128.889434
17/12/2013,2127.419114
18/12/2013,2180.139808
19/12/2013,2134.506691
20/12/2013,2259.517116
21/12/2013,2570.636259
22/12/2013,2480.65384
23/12/2013,2269.582102
24/12/2013,2233.837137
26/12/2013,2167.008147
27/12/2013,2253.673007
28/12/2013,2526.423663
29/12/2013,2398.732306
30/12/2013,2151.280454
31/12/2013,2081.125579
01/01/2014,2065.731464
02/01/2014,1953.730331
03/01/2014,2015.261333
04/01/2014,2266.871568
05/01/2014,2122.3496
06/01/2014,1862.60222
07/01/2014,1784.817056
08/01/2014,1766.491149
09/01/2014,1656.193592
10/01/2014,1723.906779
11/01/2014,1985.932325
12/01/2014,1855.731521
13/01/2014,1613.810848
14/01/2014,1556.894931
15/01/2014,1561.966774
16/01/2014,1477.043079
17/01/2014,1571.528846
18/01/2014,1861.137009
19/01/2014,1758.7426
20/01/2014,1544.281636
21/01/2014,1513.93679
22/01/2014,1544.18937
23/01/2014,1482.605141
24/01/2014,1598.19794
25/01/2014,1906.356662
26/01/2014,1819.704918
27/01/2014,1618.003511
28/01/2014,1597.337685
29/01/2014,1634.168726
30/01/2014,1576.117466
31/01/2014,1692.323768
01/02/2014,1998.367691
02/02/2014,1907.121874
03/02/2014,1698.64545
04/02/2014,1669.361749
05/02/2014,1696.099624
06/02/2014,1626.866231
07/02/2014,1731.195657
08/02/2014,2025.059375
09/02/2014,1921.708341
10/02/2014,1701.542
11/02/2014,1661.323292
12/02/2014,1678.166504
13/02/2014,1600.319166
14/02/2014,1697.505925
15/02/2014,1985.835779
16/02/2014,1878.642531
17/02/2014,1656.369057
18/02/2014,1615.737843
19/02/2014,1633.78771
20/02/2014,1558.64467
21/02/2014,1659.871223
22/02/2014,1953.380008
23/02/2014,1852.281453
24/02/2014,1636.775779
25/02/2014,1603.331579
26/02/2014,1628.730663
27/02/2014,1560.846856
28/02/2014,1669.002849
01/03/2014,1968.8908
02/03/2014,1873.426142
03/03/2014,1662.644794
04/03/2014,1632.885866
05/03/2014,1660.839474
06/03/2014,1594.327252
07/03/2014,1702.659694
08/03/2014,2001.556001
09/03/2014,1903.995953
10/03/2014,1690.114106
11/03/2014,1656.378503
12/03/2014,1679.633653
13/03/2014,1607.875569
14/03/2014,1710.603126
15/03/2014,2003.731646
16/03/2014,1900.438418
17/03/2014,1681.050632
18/03/2014,1642.218129
19/03/2014,1660.950878
20/03/2014,1585.389135
21/03/2014,1685.150689
22/03/2014,1976.2412
23/03/2014,1871.897422
24/03/2014,1652.473853
25/03/2014,1614.615212
26/03/2014,1635.294665
27/03/2014,1562.585698
28/03/2014,1666.011969
29/03/2014,1961.461061
30/03/2014,1862.031796
31/03/2014,1647.925512
01/04/2014,1615.623565
02/04/2014,1641.930791
03/04/2014,1574.752688
04/04/2014,1683.450458
05/04/2014,1983.759694
06/04/2014,1888.642203
07/04/2014,1678.167887
08/04/2014,1648.735645
09/04/2014,1677.079291
10/04/2014,1611.059828
11/04/2014,1720.02137
12/04/2014,2019.709813
13/04/2014,1923.123813
14/04/2014,1710.408346
15/04/2014,1678.033085
16/04/2014,1702.835335
17/04/2014,1632.795288
18/04/2014,1737.387873
19/04/2014,2032.497068
20/04/2014,1931.262345
21/04/2014,1713.967718
22/04/2014,1677.215725
23/04/2014,1697.966249
24/04/2014,1624.308067
25/04/2014,1725.807502
26/04/2014,2018.420147
27/04/2014,1915.335405
28/04/2014,1696.864366
29/04/2014,1659.613377
30/04/2014,1680.523221
01/05/2014,1607.641759
02/05/2014,1710.474377
03/05/2014,2004.898129
04/05/2014,1904.009245
05/05/2014,1688.014413
06/05/2014,1653.40808
07/05/2014,1677.015559
08/05/2014,1606.769667
09/05/2014,1712.065106
10/05/2014,2008.676349
11/05/2014,1909.608584
12/05/2014,1694.991994
13/05/2014,1661.261565
14/05/2014,1685.202078
15/05/2014,1614.726004
16/05/2014,1719.228438
17/05/2014,2014.504846
18/05/2014,1913.601168
19/05/2014,1696.706614
20/05/2014,1660.331354
21/05/2014,1681.348888
22/05/2014,1607.770849
23/05/2014,1709.09852
24/05/2014,2001.236927
25/05/2014,1897.34119
26/05/2014,1677.705575
27/05/2014,1638.937602
28/05/2014,1657.99707
29/05/2014,1582.967901
30/05/2014,1683.407156
31/05/2014,1975.257186
01/06/2014,1871.690644
02/06/2014,1652.99886
03/06/2014,1615.765949
04/06/2014,1636.904301
05/06/2014,1564.440409
06/06/2014,1667.853193
07/06/2014,1962.992864
08/06/2014,1862.928913
09/06/2014,1647.841837
10/06/2014,1614.200851
11/06/2014,1638.807356
12/06/2014,1569.571912
13/06/2014,1675.868885
14/06/2014,1973.454573
15/06/2014,1875.31833
16/06/2014,1661.576987
17/06/2014,1628.654749
18/06/2014,1653.328241
19/06/2014,1583.504404
20/06/2014,1688.575396
21/06/2014,1984.336261
22/06/2014,1883.834922
23/06/2014,1667.264824
24/06/2014,1631.142448
25/06/2014,1652.349462
26/06/2014,1578.907287
27/06/2014,1680.328346
28/06/2014,1972.52987
29/06/2014,1868.679942
30/06/2014,1649.086236
01/07/2014,1610.369793
02/07/2014,1629.50372
03/07/2014,1554.584706
04/07/2014,1655.181729
05/07/2014,1947.2479
06/07/2014,1843.965202
07/07/2014,1625.632623
08/07/2014,1588.840052
09/07/2014,1610.507819
10/07/2014,1538.659764
11/07/2014,1642.774146
12/07/2014,1938.698284
13/07/2014,1839.49661
14/07/2014,1625.342506
15/07/2014,1592.696206
16/07/2014,1618.348502
17/07/2014,1550.198009
18/07/2014,1657.606167
19/07/2014,1956.31575
20/07/2014,1859.302413
21/07/2014,1646.669564
22/07/2014,1614.828711
23/07/2014,1640.544963
24/07/2014,1571.715365
25/07/2014,1677.724205
26/07/2014,1974.361046
27/07/2014,1874.671028
28/07/2014,1658.847742
29/07/2014,1623.410902
30/07/2014,1645.248559
31/07/2014,1572.375957
01/08/2014,1674.333686
02/08/2014,1967.054211
03/08/2014,1863.723259
04/08/2014,1644.66812
05/08/2014,1606.530899
06/08/2014,1626.30661
07/08/2014,1552.114027
08/08/2014,1653.54367
09/08/2014,1946.568903
10/08/2014,1844.389923
11/08/2014,1627.321143
12/08/2014,1591.964384
13/08/2014,1615.247771
14/08/2014,1545.198222
15/08/2014,1651.291896
16/08/2014,1949.368487
17/08/2014,1852.479054
18/08/2014,1640.777802
19/08/2014,1610.700069
20/08/2014,1639.006291
21/08/2014,1573.559683
22/08/2014,1683.681816
23/08/2014,1985.071852
24/08/2014,1890.658954
25/08/2014,1680.498136
26/08/2014,1650.951687
27/08/2014,1678.735819
28/08/2014,1611.700186
29/08/2014,1719.184393
30/08/2014,2016.937202
31/08/2014,1917.967952
01/09/2014,1702.440471
02/09/2014,1666.851662
03/09/2014,1688.074484
04/09/2014,1614.133079
05/09/2014,1714.554292
06/09/2014,2005.28142
07/09/2014,1899.519893
08/09/2014,1677.625307
09/09/2014,1636.276186
10/09/2014,1652.511374
11/09/2014,1574.499965
12/09/2014,1671.888193
13/09/2014,1960.709268
14/09/2014,1854.225978
15/09/2014,1632.816595
16/09/2014,1593.146526
17/09/2014,1612.205662
18/09/2014,1538.07936
19/09/2014,1640.297439
20/09/2014,1934.747147
21/09/2014,1834.519832
22/09/2014,1619.801733
23/09/2014,1587.051213
24/09/2014,1613.042221
25/09/2014,1545.594441
26/09/2014,1654.070777
27/09/2014,1954.155042
28/09/2014,1858.752256
29/09/2014,1647.885363
30/09/2014,1617.87776
01/10/2014,1645.401273
02/10/2014,1578.257174
03/10/2014,1685.73433
04/10/2014,1983.53014
05/10/2014,1884.603721
06/10/2014,1669.071571
07/10/2014,1633.387842
08/10/2014,1654.388879
09/10/2014,1580.069739
10/10/2014,1679.936868
11/10/2014,1969.922764
12/10/2014,1863.232257
13/10/2014,1640.230827
14/10/2014,1597.617305
15/10/2014,1612.460854
16/10/2014,1532.970145
17/10/2014,1628.839158
18/10/2014,1916.155623
19/10/2014,1808.241951
20/10/2014,1585.53924
21/10/2014,1544.776854
22/10/2014,1563.007582
23/10/2014,1488.376374
24/10/2014,1590.467125
25/10/2014,1885.213511
26/10/2014,1785.743688
27/10/2014,1572.269364
28/10/2014,1541.261597
29/10/2014,1569.493181
30/10/2014,1504.815421
31/10/2014,1616.513539
01/11/2014,1920.226491
02/11/2014,1828.800734
03/11/2014,1622.188197
04/11/2014,1596.630547
05/11/2014,1628.709351
06/11/2014,1566.129702
07/11/2014,1678.081322
08/11/2014,1980.162751
09/11/2014,1885.237978
10/11/2014,1673.335678
11/11/2014,1640.833062
12/11/2014,1664.503919
13/11/2014,1592.298431
14/11/2014,1693.698863
15/11/2014,1984.636824
16/11/2014,1878.341652
17/11/2014,1655.23025
18/11/2014,1612.080646
19/11/2014,1626.0691
20/11/2014,1545.472244
21/11/2014,1640.210656
22/11/2014,1926.555844
23/11/2014,1818.034554
24/11/2014,1595.308978
25/11/2014,1555.34184
26/11/2014,1575.42643
27/11/2014,1503.949682
28/11/2014,1610.732881
29/11/2014,1911.936124
30/11/2014,1820.896501
01/12/2014,1618.010633
02/12/2014,1599.904102
03/12/2014,1643.467778
04/12/2014,1596.62901
05/12/2014,1728.702071
06/12/2014,2055.303786
07/12/2014,1989.204017
08/12/2014,1810.221365
09/12/2014,1814.406282
10/12/2014,1878.091278
11/12/2014,1848.675819
12/12/2014,1994.989975
13/12/2014,2332.222399
14/12/2014,2272.781985
15/12/2014,2096.203284
16/12/2014,2098.337606
17/12/2014,2155.409271
18/12/2014,2114.804448
19/12/2014,2245.436519
20/12/2014,2562.673482
21/12/2014,2479.196755
22/12/2014,2274.901503
23/12/2014,2246.080526
24/12/2014,2269.471352
26/12/2014,2286.304854
27/12/2014,2565.308735
28/12/2014,2443.405084
29/12/2014,2201.172492
30/12/2014,2135.57773
31/12/2014,2124.008027
01/01/2015,2015.03479
02/01/2015,2078.753296
03/01/2015,2331.684509
04/01/2015,2187.60898
05/01/2015,1927.44356
06/01/2015,1848.403534
07/01/2015,1828.03032
08/01/2015,1714.95285
09/01/2015,1779.227196
10/01/2015,2037.240593
11/01/2015,1902.549717
12/01/2015,1655.763839
13/01/2015,1593.715282
14/01/2015,1593.497088
15/01/2015,1503.235755
16/01/2015,1592.443323
17/01/2015,1876.855795
18/01/2015,1769.521506
19/01/2015,1550.461591
20/01/2015,1515.932736
21/01/2015,1542.47776
22/01/2015,1477.710363
23/01/2015,1590.67805
24/01/2015,1896.788773
25/01/2015,1808.670644
26/01/2015,1606.074814
27/01/2015,1585.063474
28/01/2015,1622.062527
29/01/2015,1564.646445
30/01/2015,1681.899345
31/01/2015,1989.337944
01/02/2015,1899.76587
02/02/2015,1693.169586
03/02/2015,1665.898151
04/02/2015,1694.706556
05/02/2015,1627.530459
06/02/2015,1733.836632
07/02/2015,2029.535057
08/02/2015,1927.822461
09/02/2015,1709.067831
10/02/2015,1669.982377
11/02/2015,1687.653971
12/02/2015,1610.314055
13/02/2015,1707.681542
14/02/2015,1995.869794
15/02/2015,1888.226534
16/02/2015,1665.217334
17/02/2015,1623.595123
18/02/2015,1640.435726
19/02/2015,1563.907353
20/02/2015,1663.618445
21/02/2015,1955.529806
22/02/2015,1852.800708
23/02/2015,1635.679392
24/02/2015,1600.680207
25/02/2015,1624.627132
26/02/2015,1555.431388
27/02/2015,1662.447299
28/02/2015,1961.392085
01/03/2015,1865.199095
02/03/2015,1653.914675
03/03/2015,1623.880767
04/03/2015,1651.782839
05/03/2015,1585.43076
06/03/2015,1694.116692
07/03/2015,1993.535686
08/03/2015,1896.638456
09/03/2015,1683.526613
10/03/2015,1650.632504
11/03/2015,1674.763374
12/03/2015,1603.877617
13/03/2015,1707.360473
14/03/2015,2001.169297
15/03/2015,1898.449588
16/03/2015,1679.500712
17/03/2015,1640.949441
18/03/2015,1659.788067
19/03/2015,1584.145009
20/03/2015,1683.63232
21/03/2015,1974.256095
22/03/2015,1869.259568
23/03/2015,1649.009449
24/03/2015,1610.167921
25/03/2015,1629.730233
26/03/2015,1555.795796
27/03/2015,1657.917174
28/03/2015,1952.01288
29/03/2015,1851.213699
30/03/2015,1635.752957
31/03/2015,1602.143027
01/04/2015,1627.217857
02/04/2015,1558.909275
03/04/2015,1666.601277
04/04/2015,1966.048063
05/04/2015,1870.225367
06/04/2015,1659.225363
07/04/2015,1629.43728
08/04/2015,1657.593411
09/04/2015,1591.548167
10/04/2015,1700.6343
11/04/2015,2000.582037
12/04/2015,1904.370617
13/04/2015,1692.122549
14/04/2015,1660.282757
15/04/2015,1685.662332
16/04/2015,1616.214659
17/04/2015,1721.388122
18/04/2015,2017.041257
19/04/2015,1916.289989
20/04/2015,1699.397387
21/04/2015,1662.948274
22/04/2015,1683.88855
23/04/2015,1610.297113
24/04/2015,1711.734755
25/04/2015,2004.155969
26/04/2015,1900.753447
27/04/2015,1681.845749
28/04/2015,1644.050556
29/04/2015,1664.323391
30/04/2015,1590.729704
01/05/2015,1692.794684
02/05/2015,1986.416688
03/05/2015,1884.71401
04/05/2015,1667.915393
05/05/2015,1632.536584
06/05/2015,1655.349871
07/05/2015,1584.378599
08/05/2015,1689.032431
09/05/2015,1985.097592
10/05/2015,1885.587433
11/05/2015,1670.636468
12/05/2015,1636.680052
13/05/2015,1660.499393
14/05/2015,1589.999583
15/05/2015,1694.564813
16/05/2015,1989.976503
17/05/2015,1889.263896
18/05/2015,1672.597438
19/05/2015,1636.467111
20/05/2015,1657.725499
21/05/2015,1584.363302
22/05/2015,1685.861573
23/05/2015,1978.106496
24/05/2015,1874.236383
25/05/2015,1654.531306
26/05/2015,1615.587683
27/05/2015,1634.357695
28/05/2015,1558.9214
29/05/2015,1658.835894
30/05/2015,1950.047474
31/05/2015,1845.736541
01/06/2015,1626.205737
02/06/2015,1588.053686
03/06/2015,1608.214247
04/06/2015,1534.729129
05/06/2015,1637.098237
06/06/2015,1931.193637
07/06/2015,1830.106827
08/06/2015,1614.039742
09/06/2015,1579.481762
10/06/2015,1603.252511
11/06/2015,1533.278217
12/06/2015,1638.945843
13/06/2015,1936.020773
14/06/2015,1837.497624
15/06/2015,1623.494478
16/06/2015,1590.432705
17/06/2015,1615.082082
18/06/2015,1545.33889
19/06/2015,1650.581134
20/06/2015,1946.586652
21/06/2015,1846.383649
22/06/2015,1630.143961
23/06/2015,1594.361263
24/06/2015,1615.893945
25/06/2015,1542.740436
26/06/2015,1644.391193
27/06/2015,1936.74323
28/06/2015,1832.946825
29/06/2015,1613.23776
30/06/2015,1574.282872
01/07/2015,1593.047868
02/07/2015,1517.626196
03/07/2015,1617.587887
04/07/2015,1908.891394
05/07/2015,1804.728194
06/07/2015,1585.410641
07/07/2015,1547.545458
08/07/2015,1568.072763
09/07/2015,1495.038518
10/07/2015,1597.944738
11/07/2015,1892.663386
12/07/2015,1792.283623
13/07/2015,1577.002857
14/07/2015,1543.303853
15/07/2015,1567.997702
16/07/2015,1499.000401
17/07/2015,1605.687273
18/07/2015,1903.810986
19/07/2015,1806.352745
20/07/2015,1593.416935
21/07/2015,1561.411391
22/07/2015,1587.09297
23/07/2015,1518.346098
24/07/2015,1624.53844
25/07/2015,1921.439422
26/07/2015,1822.07114
27/07/2015,1606.601947
28/07/2015,1571.524913
29/07/2015,1593.70088
30/07/2015,1521.133872
31/07/2015,1623.323078
01/08/2015,1916.177269
02/08/2015,1812.861302
03/08/2015,1593.685127
04/08/2015,1555.27766
05/08/2015,1574.625361
06/08/2015,1499.843437
07/08/2015,1600.524023
08/08/2015,1892.64732
09/08/2015,1789.425451
10/08/2015,1571.189564
11/08/2015,1534.562572
12/08/2015,1556.497464
13/08/2015,1485.049084
14/08/2015,1589.723755
15/08/2015,1886.392673
16/08/2015,1788.138779
17/08/2015,1575.147558
18/08/2015,1543.884046
19/08/2015,1571.135851
20/08/2015,1504.789946
21/08/2015,1614.180562
22/08/2015,1915.028458
23/08/2015,1820.272087
24/08/2015,1609.969973
25/08/2015,1580.481938
26/08/2015,1608.515718
27/08/2015,1541.906654
28/08/2015,1649.974529
29/08/2015,1948.443299
30/08/2015,1850.293178
31/08/2015,1635.655369
01/09/2015,1600.991579
02/09/2015,1623.138024
03/09/2015,1550.08164
04/09/2015,1651.312713
05/09/2015,1942.739744
06/09/2015,1837.536191
07/09/2015,1616.029507
08/09/2015,1574.874798
09/09/2015,1591.092973
10/09/2015,1512.841296
11/09/2015,1609.760693
12/09/2015,1897.885844
13/09/2015,1790.487812
14/09/2015,1567.959785
15/09/2015,1526.98836
16/09/2015,1544.590324
17/09/2015,1468.88289
18/09/2015,1569.431788
19/09/2015,1862.163196
20/09/2015,1760.209257
21/09/2015,1543.797659
22/09/2015,1509.427614
23/09/2015,1533.912066
24/09/2015,1465.153915
25/09/2015,1572.500498
26/09/2015,1871.662124
27/09/2015,1775.564197
28/09/2015,1564.243229
29/09/2015,1534.028856
30/09/2015,1561.591513
01/10/2015,1494.723393
02/10/2015,1602.696747
03/10/2015,1901.185222
04/10/2015,1803.117663
05/10/2015,1588.574597
06/10/2015,1553.969517
07/10/2015,1576.094592
08/10/2015,1502.898472
09/10/2015,1603.840356
10/10/2015,1894.806081
11/10/2015,1788.96423
12/10/2015,1566.630673
13/10/2015,1524.46777
14/10/2015,1539.514158
15/10/2015,1459.95497
16/10/2015,1555.468489
17/10/2015,1842.135217
18/10/2015,1733.279188
19/10/2015,1509.352108
20/10/2015,1467.102788
21/10/2015,1483.611891
22/10/2015,1407.060002
23/10/2015,1507.073482
24/10/2015,1799.634167
25/10/2015,1697.922731
26/10/2015,1482.206248
27/10/2015,1449.012384
28/10/2015,1475.170082
29/10/2015,1408.58463
30/10/2015,1518.591366
31/10/2015,1820.873878
01/11/2015,1728.31628
02/11/2015,1520.899848
03/11/2015,1494.886172
04/11/2015,1526.866449
05/11/2015,1464.544514
06/11/2015,1577.097656
07/11/2015,1880.100824
08/11/2015,1786.383614
09/11/2015,1575.930164
10/11/2015,1545.063977
11/11/2015,1570.49723
12/11/2015,1500.1121
13/11/2015,1603.318198
14/11/2015,1895.971742
15/11/2015,1791.225991
16/11/2015,1569.423201
17/11/2015,1527.270321
18/11/2015,1541.878198
19/11/2015,1461.532119
20/11/2015,1556.038017
21/11/2015,1841.630308
22/11/2015,1731.811163
23/11/2015,1507.231811
24/11/2015,1464.858361
25/11/2015,1482.002228
26/11/2015,1407.083223
27/11/2015,1509.969875
28/11/2015,1806.88315
29/11/2015,1711.233491
30/11/2015,1503.501893
01/12/2015,1480.474617
02/12/2015,1519.07624
03/12/2015,1467.339782
04/12/2015,1594.687624
05/12/2015,1916.84458
06/12/2015,1846.685774
07/12/2015,1664.129756
08/12/2015,1665.319124
09/12/2015,1726.668376
10/12/2015,1695.64668
11/12/2015,1841.139652
12/12/2015,2178.375788
13/12/2015,2119.786931
14/12/2015,1944.912891
15/12/2015,1949.592166
16/12/2015,2010.018239
17/12/2015,1973.528896
18/12/2015,2108.972484
19/12/2015,2431.636621
20/12/2015,2354.108668
21/12/2015,2156.178055
22/12/2015,2134.022465
23/12/2015,2164.25744
24/12/2015,2094.717003
26/12/2015,2480.433929
27/12/2015,2364.827815
28/12/2015,2128.454628
29/12/2015,2068.175492
30/12/2015,2061.283687
31/12/2015,1956.270367
02/01/2016,2278.443136
04/01/2016,1876.296567
05/01/2016,1796.997942
06/01/2016,1775.520785
07/01/2016,1660.534328
08/01/2016,1722.150755
09/01/2016,1976.827687
10/01/2016,1838.204628
11/01/2016,1586.984008
12/01/2016,1520.09932
13/01/2016,1514.750315
14/01/2016,1419.173187
15/01/2016,1502.990071
16/01/2016,1782.12374
17/01/2016,1669.647104
18/01/2016,1445.677836
19/01/2016,1406.560256
20/01/2016,1428.914116
21/01/2016,1360.417868
22/01/2016,1470.170426
23/01/2016,1773.617019
24/01/2016,1683.510426
25/01/2016,1479.507967
26/01/2016,1457.665666
27/01/2016,1494.389633
28/01/2016,1437.221922
29/01/2016,1555.202895
30/01/2016,1863.79571
31/01/2016,1775.742373
01/02/2016,1570.961568
02/02/2016,1545.730407
03/02/2016,1576.729819
04/02/2016,1511.821312
05/02/2016,1620.399392
06/02/2016,1918.305518
07/02/2016,1818.673327
08/02/2016,1601.81564
09/02/2016,1564.395681
10/02/2016,1583.462499
11/02/2016,1507.218578
12/02/2016,1605.364148
13/02/2016,1894.004261
14/02/2016,1786.488519
15/02/2016,1563.29409
16/02/2016,1521.194492
17/02/2016,1537.294161
18/02/2016,1459.796794
19/02/2016,1558.351864
20/02/2016,1848.965322
21/02/2016,1744.844193
22/02/2016,1526.285536
23/02/2016,1489.852063
24/02/2016,1512.414204
25/02/2016,1441.926364
26/02/2016,1547.781558
27/02/2016,1845.730161
28/02/2016,1748.732291
29/02/2016,1536.854038
01/03/2016,1506.449663
02/03/2016,1534.20936
03/03/2016,1467.940198
04/03/2016,1576.924308
05/03/2016,1876.839987
06/03/2016,1780.615175
07/03/2016,1568.323554
08/03/2016,1536.365392
09/03/2016,1561.512818
10/03/2016,1491.687239
11/03/2016,1596.313099
12/03/2016,1891.233802
13/03/2016,1789.559435
14/03/2016,1571.556728
15/03/2016,1533.939314
16/03/2016,1553.559403
17/03/2016,1478.526339
18/03/2016,1578.438846
19/03/2016,1869.295744
20/03/2016,1764.339163
21/03/2016,1543.940805
22/03/2016,1504.77367
23/03/2016,1523.849212
24/03/2016,1449.287837
25/03/2016,1550.667152
26/03/2016,1843.933918
27/03/2016,1742.249435
28/03/2016,1525.878829
29/03/2016,1491.366548
30/03/2016,1515.577893
31/03/2016,1446.474362
01/04/2016,1553.467054
02/04/2016,1852.33391
03/04/2016,1756.070373
04/04/2016,1544.783752
05/04/2016,1514.873459
06/04/2016,1543.076795
07/04/2016,1477.247946
08/04/2016,1586.714318
09/04/2016,1887.19593
10/04/2016,1791.65738
11/04/2016,1580.202638
12/04/2016,1549.254853
13/04/2016,1575.600861
14/04/2016,1507.168121
15/04/2016,1613.378278
16/04/2016,1910.063175
17/04/2016,1810.312943
18/04/2016,1594.366561
19/04/2016,1558.787194
20/04/2016,1580.502168
21/04/2016,1507.575424
22/04/2016,1609.556822
23/04/2016,1902.394221
24/04/2016,1799.278106
25/04/2016,1580.529241
26/04/2016,1542.771759
27/04/2016,1562.971586
28/04/2016,1489.20811
29/04/2016,1591.023455
30/04/2016,1884.335291
01/05/2016,1782.282908
02/05/2016,1565.116995
03/05/2016,1529.375427
04/05/2016,1552.028722
05/05/2016,1480.943808
06/05/2016,1585.548625
07/05/2016,1881.645087
08/05/2016,1782.259139
09/05/2016,1567.534385
10/05/2016,1533.911484
11/05/2016,1558.173009
12/05/2016,1488.221455
13/05/2016,1593.434567
14/05/2016,1889.583707
15/05/2016,1789.684817
16/05/2016,1573.892256
17/05/2016,1538.677703
18/05/2016,1560.873845
19/05/2016,1488.450582
20/05/2016,1590.867969
21/05/2016,1883.991719
22/05/2016,1780.940894
23/05/2016,1561.978192
24/05/2016,1523.685132
25/05/2016,1543.001982
26/05/2016,1468.00028
27/05/2016,1568.232302
28/05/2016,1859.643397
29/05/2016,1755.416941
30/05/2016,1535.86239
31/05/2016,1497.588819
01/06/2016,1517.543836
02/06/2016,1443.785767
03/06/2016,1545.83346
04/06/2016,1839.57964
05/06/2016,1738.137509
06/06/2016,1521.731039
07/06/2016,1486.871256
08/06/2016,1510.398333
09/06/2016,1440.257265
10/06/2016,1545.851375
11/06/2016,1842.959457
12/06/2016,1744.586127
13/06/2016,1530.855707
14/06/2016,1498.191831
15/06/2016,1523.362465
16/06/2016,1454.258029
17/06/2016,1560.246796
18/06/2016,1857.093287
19/06/2016,1757.809217
20/06/2016,1542.547278
21/06/2016,1507.779945
22/06/2016,1530.343036
23/06/2016,1458.30675
24/06/2016,1561.043409
25/06/2016,1854.427734
26/06/2016,1751.589287
27/06/2016,1532.802474
28/06/2016,1494.661439
29/06/2016,1514.119675
30/06/2016,1439.262225
01/07/2016,1539.654822
02/07/2016,1831.255892
03/07/2016,1727.261191
04/07/2016,1507.99155
05/07/2016,1470.066122
06/07/2016,1490.441037
07/07/2016,1417.181361
08/07/2016,1519.810709
09/07/2016,1814.224461
10/07/2016,1713.536273
11/07/2016,1497.968337
12/07/2016,1464.027693
13/07/2016,1488.548408
14/07/2016,1419.467403
15/07/2016,1526.178172
16/07/2016,1824.448191
17/07/2016,1727.269593
18/07/2016,1514.753427
19/07/2016,1483.309661
20/07/2016,1509.692641
21/07/2016,1441.779671
22/07/2016,1548.926861
23/07/2016,1846.887973
24/07/2016,1748.665792
25/07/2016,1534.406291
26/07/2016,1500.57778
27/07/2016,1524.014731
28/07/2016,1452.694018
29/07/2016,1556.087771
30/07/2016,1850.078666
31/07/2016,1747.80728
01/08/2016,1529.561918
02/08/2016,1491.953211
03/08/2016,1511.953341
04/08/2016,1437.667765
05/08/2016,1538.683778
06/08/2016,1830.981891
07/08/2016,1727.779765
08/08/2016,1509.419223
09/08/2016,1472.538745
10/08/2016,1494.111372
11/08/2016,1422.215934
12/08/2016,1526.385986
13/08/2016,1822.580142
14/08/2016,1723.854867
15/08/2016,1510.427525
16/08/2016,1478.794675
17/08/2016,1505.774107
18/08/2016,1439.280685
19/08/2016,1548.680235
20/08/2016,1849.707291
21/08/2016,1755.316273
22/08/2016,1545.576386
23/08/2016,1516.852433
24/08/2016,1545.851187
25/08/2016,1480.401007
26/08/2016,1589.808798
27/08/2016,1889.780028
28/08/2016,1793.271296
29/08/2016,1580.385687
30/08/2016,1547.553076
31/08/2016,1571.575032
01/09/2016,1500.402035
02/09/2016,1603.487178
03/09/2016,1896.702136
04/09/2016,1793.185027
05/09/2016,1573.23053
06/09/2016,1533.464562
07/09/2016,1550.883354
08/09/2016,1473.624803
09/09/2016,1571.31643
10/09/2016,1859.985947
11/09/2016,1752.90418
12/09/2016,1530.470897
13/09/2016,1489.38598
14/09/2016,1506.685883
15/09/2016,1430.51335
16/09/2016,1530.464807
17/09/2016,1822.501423
18/09/2016,1719.793617
19/09/2016,1502.609521
20/09/2016,1467.489748
21/09/2016,1491.288359
22/09/2016,1421.947827
23/09/2016,1528.852295
24/09/2016,1827.744945
25/09/2016,1731.579075
26/09/2016,1520.41318
27/09/2016,1490.592223
28/09/2016,1518.794749
29/09/2016,1452.813483
30/09/2016,1561.913512
01/10/2016,1861.753724
02/10/2016,1765.240945
03/10/2016,1552.426993
04/10/2016,1519.690516
05/10/2016,1543.784301
06/10/2016,1472.613586
07/10/2016,1575.591593
08/10/2016,1868.556989
09/10/2016,1764.623019
10/10/2016,1544.068667
11/10/2016,1503.514096
12/10/2016,1519.960165
13/10/2016,1441.559894
14/10/2016,1537.966191
15/10/2016,1825.241832
16/10/2016,1716.70146
17/10/2016,1492.79617
18/10/2016,1450.283138
19/10/2016,1466.260291
20/10/2016,1388.934036
21/10/2016,1487.964502
22/10/2016,1779.374386
23/10/2016,1676.391216
24/10/2016,1459.333628
25/10/2016,1424.784091
26/10/2016,1449.628002
27/10/2016,1381.827073
28/10/2016,1490.771326
29/10/2016,1792.19559
30/10/2016,1699.030126
31/10/2016,1491.295743
01/11/2016,1465.285569
02/11/2016,1497.613172
03/11/2016,1435.994657
04/11/2016,1549.608816
05/11/2016,1854.02097
06/11/2016,1762.039893
07/11/2016,1553.61798
08/11/2016,1525.036654
09/11/2016,1552.956569
10/11/2016,1485.200134
11/11/2016,1591.110397
12/11/2016,1886.471911
13/11/2016,1784.363041
14/11/2016,1565.04994
15/11/2016,1525.164351
16/11/2016,1541.744949
17/11/2016,1463.010002
18/11/2016,1558.705594
19/11/2016,1845.015365
20/11/2016,1735.401463
21/11/2016,1510.487302
22/11/2016,1467.22454
23/11/2016,1482.92434
24/11/2016,1406.020938
25/11/2016,1506.412071
26/11/2016,1800.362413
27/11/2016,1701.33996
28/11/2016,1489.896067
29/11/2016,1462.831696
30/11/2016,1497.229978
01/12/2016,1441.223125
02/12/2016,1564.338191
03/12/2016,1882.407724
04/12/2016,1808.415112
05/12/2016,1622.385092
06/12/2016,1620.561779
07/12/2016,1679.453993
08/12/2016,1646.61564
09/12/2016,1791.005297
10/12/2016,2127.910701
11/12/2016,2069.807591
12/12/2016,1896.263041
13/12/2016,1903.125281
14/12/2016,1966.579513
15/12/2016,1933.937165
16/12/2016,2074.002517
17/12/2016,2402.002212
18/12/2016,2330.446922
19/12/2016,2139.035262
20/12/2016,2123.8419
21/12/2016,2161.369376
22/12/2016,2099.331197
23/12/2016,2207.010255
24/12/2016,2500.178269
26/12/2016,2162.653094
27/12/2016,2109.044296
28/12/2016,2108.304451
29/12/2016,2008.827638
30/12/2016,2080.560408
31/12/2016,2339.906662
01/01/2017,2200.563859
02/01/2017,1943.401215
03/01/2017,1865.622491
04/01/2017,1844.793486
05/01/2017,1729.602377
06/01/2017,1790.197499
07/01/2017,2043.088761
08/01/2017,1901.982647
09/01/2017,1647.661494
10/01/2017,1577.149578
11/01/2017,1567.746045
12/01/2017,1467.792652
13/01/2017,1547.020724
14/01/2017,1821.463272
15/01/2017,1704.301932
16/01/2017,1475.759127
17/01/2017,1432.277627
18/01/2017,1450.567225
19/01/2017,1378.386133
20/01/2017,1484.901183
21/01/2017,1785.612438
22/01/2017,1693.2116
23/01/2017,1487.484313
24/01/2017,1464.498349
25/01/2017,1500.657172
26/01/2017,1443.486369
27/01/2017,1561.996928
28/01/2017,1871.610954
29/01/2017,1785.019185
30/01/2017,1582.08053
31/01/2017,1559.005677
01/02/2017,1592.404456
02/02/2017,1530.064652
03/02/2017,1641.306453
04/02/2017,1941.898403
05/02/2017,1844.904515
06/02/2017,1630.573012
07/02/2017,1595.509095
08/02/2017,1616.711678
09/02/2017,1542.342055
10/02/2017,1642.068981
11/02/2017,1931.976233
12/02/2017,1825.402519
13/02/2017,1602.824372
14/02/2017,1561.024534
15/02/2017,1577.125864
16/02/2017,1499.358766
17/02/2017,1597.4066
18/02/2017,1887.315092
19/02/2017,1782.335525
20/02/2017,1562.812204
21/02/2017,1525.356535
22/02/2017,1546.887567
23/02/2017,1475.406766
24/02/2017,1580.351266
25/02/2017,1877.511363
26/02/2017,1779.881801
27/02/2017,1567.557104
28/02/2017,1536.91308
01/03/2017,1564.654125
02/03/2017,1498.593933
03/03/2017,1608.013698
04/03/2017,1908.583454
05/03/2017,1813.21601
06/03/2017,1601.963703
07/03/2017,1571.200071
08/03/2017,1597.666103
09/03/2017,1529.248738
10/03/2017,1635.335791
11/03/2017,1931.733072
12/03/2017,1831.51332
13/03/2017,1614.907324
14/03/2017,1578.479532
15/03/2017,1599.167997
16/03/2017,1525.056527
17/03/2017,1625.723405
18/03/2017,1917.15265
19/03/2017,1812.577584
20/03/2017,1592.367263
21/03/2017,1553.198172
22/03/2017,1572.09116
23/03/2017,1497.181542
24/03/2017,1598.066787
25/03/2017,1890.717762
26/03/2017,1788.323298
27/03/2017,1571.178562
28/03/2017,1535.859574
29/03/2017,1559.263734
30/03/2017,1489.384168
31/03/2017,1595.66215
01/04/2017,1893.903446
02/04/2017,1797.128148
03/04/2017,1585.464338
04/04/2017,1555.327748
05/04/2017,1583.467128
06/04/2017,1517.742977
07/04/2017,1627.48378
08/04/2017,1928.405472
09/04/2017,1833.463625
10/04/2017,1622.74863
11/04/2017,1592.666013
12/04/2017,1619.981579
13/04/2017,1552.599074
14/04/2017,1659.914558
15/04/2017,1957.733256
16/04/2017,1859.118516
17/04/2017,1644.283219
18/04/2017,1609.765943
19/04/2017,1632.471682
20/04/2017,1560.444979
21/04/2017,1663.219788
22/04/2017,1956.732
23/04/2017,1854.164373
24/04/2017,1635.834353
25/04/2017,1598.367183
26/04/2017,1618.734203
27/04/2017,1545.024252
28/04/2017,1646.792552
29/04/2017,1939.973014
30/04/2017,1837.723711
01/05/2017,1620.315973
02/05/2017,1584.309456
03/05/2017,1606.593005
04/05/2017,1535.159145
05/05/2017,1639.456463
06/05/2017,1935.305704
07/05/2017,1835.7492
08/05/2017,1620.943967
09/05/2017,1587.34066
10/05/2017,1611.728123
11/05/2017,1542.011208
12/05/2017,1647.566046
13/05/2017,1944.1585
14/05/2017,1844.795328
15/05/2017,1629.618358
16/05/2017,1595.083829
17/05/2017,1618.006622
18/05/2017,1546.337077
19/05/2017,1649.514608
20/05/2017,1943.383913
21/05/2017,1841.043384
22/05/2017,1622.736099
23/05/2017,1585.025677
24/05/2017,1604.836817
25/05/2017,1530.228353
26/05/2017,1630.743162
27/05/2017,1922.320825
28/05/2017,1818.142793
29/05/2017,1598.520519
30/05/2017,1560.068947
31/05/2017,1579.745252
01/06/2017,1505.620723
02/06/2017,1607.230154
03/06/2017,1900.484686
04/06/2017,1798.517813
05/06/2017,1581.575013
06/06/2017,1546.189335
07/06/2017,1569.222764
08/06/2017,1498.641184
09/06/2017,1603.86719
10/06/2017,1900.696594
11/06/2017,1802.148203
12/06/2017,1588.357229
13/06/2017,1555.754515
14/06/2017,1581.111296
15/06/2017,1512.317202
16/06/2017,1618.735646
17/06/2017,1916.122365
18/06/2017,1817.476618
19/06/2017,1602.935355
20/06/2017,1568.952518
21/06/2017,1592.343176
22/06/2017,1521.060232
23/06/2017,1624.547873
24/06/2017,1918.657593
25/06/2017,1816.49638
26/06/2017,1598.317463
27/06/2017,1560.695897
28/06/2017,1580.568803
29/06/2017,1506.008122
30/06/2017,1606.570195
01/07/2017,1898.208103
02/07/2017,1794.1165
03/07/2017,1574.619422
04/07/2017,1536.343469
05/07/2017,1556.256242
06/07/2017,1482.437965
07/07/2017,1584.430635
08/07/2017,1878.150671
09/07/2017,1776.734758
10/07/2017,1560.429385
11/07/2017,1525.76638
12/07/2017,1549.604286
13/07/2017,1479.903399
14/07/2017,1586.078716
15/07/2017,1883.916635
16/07/2017,1786.424989
17/07/2017,1573.726767
18/07/2017,1542.239697
19/07/2017,1568.721407
20/07/2017,1501.047854
21/07/2017,1608.569167
22/07/2017,1907.028638
23/07/2017,1809.414376
24/07/2017,1595.853905
25/07/2017,1562.79386
26/07/2017,1587.044482
27/07/2017,1516.556599
28/07/2017,1620.775307
29/07/2017,1915.556117
30/07/2017,1814.013189
31/07/2017,1596.410017
01/08/2017,1559.334854
02/08/2017,1579.740695
03/08/2017,1505.717661
04/08/2017,1606.842125
05/08/2017,1899.088503
06/08/2017,1795.673463
07/08/2017,1576.943061
08/08/2017,1539.545186
09/08/2017,1560.467254
10/08/2017,1487.807072
11/08/2017,1591.121257
12/08/2017,1886.337181
13/08/2017,1786.598195
14/08/2017,1572.152612
15/08/2017,1539.528806
16/08/2017,1565.576271
17/08/2017,1498.240481
18/08/2017,1606.915811
19/08/2017,1907.362367
20/08/2017,1812.556321
21/08/2017,1602.584084
22/08/2017,1573.822504
23/08/2017,1602.984793
24/08/2017,1537.899845
25/08/2017,1647.869084
26/08/2017,1948.586553
27/08/2017,1852.991729
28/08/2017,1641.16531
29/08/2017,1609.510111
30/08/2017,1634.796716
31/08/2017,1564.941574
01/09/2017,1669.361672
02/09/2017,1963.891575
03/09/2017,1861.632379
04/09/2017,1642.842949
05/09/2017,1604.115685
06/09/2017,1622.416646
07/09/2017,1545.857838
08/09/2017,1644.046024
09/09/2017,1932.993967
10/09/2017,1825.96388
11/09/2017,1603.353598
12/09/2017,1561.867878
13/09/2017,1578.554807
14/09/2017,1501.57524
15/09/2017,1600.549729
16/09/2017,1891.468921
17/09/2017,1787.537243
18/09/2017,1569.060383
19/09/2017,1532.618965
20/09/2017,1555.108329
21/09/2017,1484.512254
22/09/2017,1590.254957
23/09/2017,1888.117232
24/09/2017,1791.086335
25/09/2017,1579.249993
26/09/2017,1548.976707
27/09/2017,1576.962076
28/09/2017,1511.008776
29/09/2017,1620.384345
30/09/2017,1920.742428
01/10/2017,1824.97697
02/10/2017,1613.11954
03/10/2017,1581.521893
04/10/2017,1606.903372
05/10/2017,1537.130761
06/10/2017,1641.574711
07/10/2017,1936.028429
08/10/2017,1833.558156
09/10/2017,1614.395743
10/10/2017,1575.11552
11/10/2017,1592.675251
12/10/2017,1515.18895
13/10/2017,1612.275888
14/10/2017,1899.97169
15/10/2017,1791.571288
16/10/2017,1567.51425
17/10/2017,1524.554916
18/10/2017,1539.797333
19/10/2017,1461.462967
20/10/2017,1559.235677
21/10/2017,1849.170013
22/10/2017,1744.532684
23/10/2017,1525.687796
24/10/2017,1489.268333
25/10/2017,1512.213832
26/10/2017,1442.542199
27/10/2017,1549.700048
28/10/2017,1849.477488
29/10/2017,1754.85704
30/10/2017,1545.907081
31/10/2017,1518.962061
01/11/2017,1550.669203
02/11/2017,1488.769374
03/11/2017,1602.456234
04/11/2017,1907.299346
05/11/2017,1816.100653
06/11/2017,1608.794518
07/11/2017,1581.633307
08/11/2017,1611.238105
09/11/2017,1545.382061
10/11/2017,1653.350387
11/11/2017,1950.862623
12/11/2017,1850.926575
13/11/2017,1633.734126
14/11/2017,1595.84102
15/11/2017,1614.210304
16/11/2017,1536.987115
17/11/2017,1633.849035
18/11/2017,1920.917879
19/11/2017,1811.602585
20/11/2017,1586.483707
21/11/2017,1542.481917
22/11/2017,1556.890495
23/11/2017,1478.139815
24/11/2017,1576.138345
25/11/2017,1867.176283
26/11/2017,1764.761756
27/11/2017,1549.500292
28/11/2017,1518.260129
29/11/2017,1548.203466
30/11/2017,1487.551745
01/12/2017,1605.929487
02/12/2017,1919.272763
03/12/2017,1840.672163
04/12/2017,1650.260799
05/12/2017,1644.389735
06/12/2017,1699.670719
07/12/2017,1663.754007
08/12/2017,1805.685523
09/12/2017,2140.829103
10/12/2017,2081.723323
11/12/2017,1907.983122
12/12/2017,1915.488254
13/12/2017,1980.438098
14/12/2017,1950.140325
15/12/2017,2093.37736
16/12/2017,2425.336147
17/12/2017,2358.470512
18/12/2017,2172.406179
19/12/2017,2163.130362
20/12/2017,2207.045437
21/12/2017,2151.754186
22/12/2017,2266.420621
23/12/2017,2566.692037
24/12/2017,2465.551757
25/12/2017,2243.212853
26/12/2017,2196.29504
27/12/2017,2201.86455
28/12/2017,2108.204812
29/12/2017,2185.162309
30/12/2017,2449.05361
31/12/2017,2313.503421
01/01/2018,2059.324279
02/01/2018,1983.680446
03/01/2018,1964.116099
04/01/2018,1849.31594
05/01/2018,1909.442825
06/01/2018,2161.038599
07/01/2018,2017.85812
08/01/2018,1760.747186
09/01/2018,1686.806929
10/01/2018,1673.424766
11/01/2018,1569.039918
12/01/2018,1643.487968
13/01/2018,1912.910449
14/01/2018,1790.599217
15/01/2018,1556.886034
16/01/2018,1508.319638
17/01/2018,1521.710056
18/01/2018,1444.907825
19/01/2018,1547.162269
20/01/2018,1844.044459
21/01/2018,1748.304298
22/01/2018,1539.771852
23/01/2018,1514.544921
24/01/2018,1549.042372
25/01/2018,1490.7907
26/01/2018,1608.787809
27/01/2018,1918.429555
28/01/2018,1832.368415
29/01/2018,1630.414429
30/01/2018,1608.720469
31/01/2018,1643.831421
01/02/2018,1583.464951
02/02/2018,1696.867987
03/02/2018,1999.734716
04/02/2018,1905.055701
05/02/2018,1693.008549
06/02/2018,1660.132455
07/02/2018,1683.366532
08/02/2018,1610.819857
09/02/2018,1712.117676
10/02/2018,2003.309806
11/02/2018,1897.711101
12/02/2018,1675.784603
13/02/2018,1634.309882
14/02/2018,1650.416609
15/02/2018,1572.351387
16/02/2018,1669.822309
17/02/2018,1958.907307
18/02/2018,1852.896095
19/02/2018,1632.176253
20/02/2018,1593.40583
21/02/2018,1613.55235
22/02/2018,1540.666059
23/02/2018,1644.231675
24/02/2018,1940.084472
25/02/2018,1841.260275
26/02/2018,1627.889649
27/02/2018,1596.378459
28/02/2018,1623.454419
01/03/2018,1556.947295
02/03/2018,1666.146808
03/03/2018,1966.72393
